filename,filepath,run_id,n_scans,n_trials,enc_raw_max,enc_raw_p95,enc_raw_mean,enc_part_max,enc_part_p95,enc_part_mean,all_max,all_p95,all_mean
9_ew_1500ms_sub-001_sess-1_3event.csv,C:\Users\arech\repos\novel_concept_learning_fMRI\experimental_task\task_designs\9_ew_1500ms\session-1\9_ew_1500ms_sub-001_sess-1_3event.csv,1,162,30,0.256174534283496,0.166341525700989,0.0384219153050545,0.25960279937264,0.158586160950737,0.0404984692056964,0.780231203426337,0.189431793042891,0.0489768375165544
9_ew_1500ms_sub-001_sess-1_3event.csv,C:\Users\arech\repos\novel_concept_learning_fMRI\experimental_task\task_designs\9_ew_1500ms\session-1\9_ew_1500ms_sub-001_sess-1_3event.csv,2,159,30,0.309679139369648,0.160250391628316,0.0384085910305319,0.290532774985055,0.156584181199503,0.0411433214637723,0.794317304519189,0.192069996649762,0.0498175082412743
9_ew_1500ms_sub-001_sess-1_3event.csv,C:\Users\arech\repos\novel_concept_learning_fMRI\experimental_task\task_designs\9_ew_1500ms\session-1\9_ew_1500ms_sub-001_sess-1_3event.csv,3,165,30,0.306345218507537,0.163124083792317,0.0378452085080441,0.309430339845689,0.164226486974783,0.0395641265399764,0.777376069221293,0.187111174050968,0.0482967553336383
9_ew_1500ms_sub-001_sess-1_3event.csv,C:\Users\arech\repos\novel_concept_learning_fMRI\experimental_task\task_designs\9_ew_1500ms\session-1\9_ew_1500ms_sub-001_sess-1_3event.csv,4,157,30,0.289787006205403,0.167211859941742,0.0387413629415379,0.290860488016254,0.173146760272746,0.0415864137786888,0.797830399743608,0.194866371740261,0.050816633750532
9_ew_1500ms_sub-001_sess-1_3event.csv,C:\Users\arech\repos\novel_concept_learning_fMRI\experimental_task\task_designs\9_ew_1500ms\session-1\9_ew_1500ms_sub-001_sess-1_3event.csv,5,162,30,0.290057515836139,0.164202165119947,0.0382923114248185,0.269809059439346,0.158150196687703,0.0400561262729367,0.782024708277355,0.1881151422437,0.0492205447332125
9_ew_1500ms_sub-001_sess-1_3event.csv,C:\Users\arech\repos\novel_concept_learning_fMRI\experimental_task\task_designs\9_ew_1500ms\session-1\9_ew_1500ms_sub-001_sess-1_3event.csv,6,167,30,0.283714627549071,0.162868914961782,0.0372989092087095,0.26949925446804,0.166642879899766,0.039235270405582,0.774656784833161,0.182944779573634,0.0472282718268864
9_ew_1500ms_sub-002_sess-1_3event.csv,C:\Users\arech\repos\novel_concept_learning_fMRI\experimental_task\task_designs\9_ew_1500ms\session-1\9_ew_1500ms_sub-002_sess-1_3event.csv,1,168,30,0.267358407476694,0.179520215529538,0.0372833229386286,0.267638394906392,0.18122540550829,0.0393856350879802,0.77867609960818,0.184284689128296,0.0466739153489875
9_ew_1500ms_sub-002_sess-1_3event.csv,C:\Users\arech\repos\novel_concept_learning_fMRI\experimental_task\task_designs\9_ew_1500ms\session-1\9_ew_1500ms_sub-002_sess-1_3event.csv,2,158,30,0.314832892169246,0.163418746615292,0.0387272975924806,0.282077348300065,0.163323840619956,0.0413661182789025,0.7923014497123,0.191529632905242,0.0506121276431628
9_ew_1500ms_sub-002_sess-1_3event.csv,C:\Users\arech\repos\novel_concept_learning_fMRI\experimental_task\task_designs\9_ew_1500ms\session-1\9_ew_1500ms_sub-002_sess-1_3event.csv,3,163,30,0.303071247491894,0.154340423384399,0.0385122310495603,0.272262893720408,0.161824899891144,0.04160378832675,0.779612119665355,0.188315530441868,0.0492433733862848
9_ew_1500ms_sub-002_sess-1_3event.csv,C:\Users\arech\repos\novel_concept_learning_fMRI\experimental_task\task_designs\9_ew_1500ms\session-1\9_ew_1500ms_sub-002_sess-1_3event.csv,4,162,30,0.300696134461399,0.174235607185239,0.0383919941681554,0.28573499001363,0.173252722179876,0.0406423013933668,0.796533428284166,0.189752283650729,0.0491915464546129
9_ew_1500ms_sub-002_sess-1_3event.csv,C:\Users\arech\repos\novel_concept_learning_fMRI\experimental_task\task_designs\9_ew_1500ms\session-1\9_ew_1500ms_sub-002_sess-1_3event.csv,5,159,30,0.290680711852846,0.154607750805626,0.0386357333657035,0.273988376692371,0.149907468216901,0.0407700373167274,0.774298922563714,0.190588924271058,0.0504947309465647
9_ew_1500ms_sub-002_sess-1_3event.csv,C:\Users\arech\repos\novel_concept_learning_fMRI\experimental_task\task_designs\9_ew_1500ms\session-1\9_ew_1500ms_sub-002_sess-1_3event.csv,6,161,30,0.268625297049555,0.171364210750734,0.0385151644109684,0.269496110366626,0.166848912186313,0.0407486373483841,0.795494292022707,0.188001733707217,0.0493597849518802
9_ew_1500ms_sub-003_sess-1_3event.csv,C:\Users\arech\repos\novel_concept_learning_fMRI\experimental_task\task_designs\9_ew_1500ms\session-1\9_ew_1500ms_sub-003_sess-1_3event.csv,1,160,30,0.277623911506336,0.161775274903689,0.0385394353152707,0.242214552211307,0.166090126572978,0.0405581294855531,0.792402903365213,0.187570692824072,0.049816471747265
9_ew_1500ms_sub-003_sess-1_3event.csv,C:\Users\arech\repos\novel_concept_learning_fMRI\experimental_task\task_designs\9_ew_1500ms\session-1\9_ew_1500ms_sub-003_sess-1_3event.csv,2,159,30,0.313809083595094,0.160425213337017,0.0388548658277234,0.31676085343531,0.161658793181454,0.0409074924769869,0.77615930969696,0.193512212812968,0.0509388579183468
9_ew_1500ms_sub-003_sess-1_3event.csv,C:\Users\arech\repos\novel_concept_learning_fMRI\experimental_task\task_designs\9_ew_1500ms\session-1\9_ew_1500ms_sub-003_sess-1_3event.csv,3,161,30,0.297242745675559,0.162791454289052,0.0385247949292889,0.267702261657402,0.161047232407809,0.0405977524523012,0.796650579502351,0.188311389464191,0.0494801845363368
9_ew_1500ms_sub-003_sess-1_3event.csv,C:\Users\arech\repos\novel_concept_learning_fMRI\experimental_task\task_designs\9_ew_1500ms\session-1\9_ew_1500ms_sub-003_sess-1_3event.csv,4,158,30,0.315244167601285,0.160172445402189,0.0388813151501106,0.310861500577001,0.160142628616782,0.0417242085900757,0.789060141601526,0.192158754594473,0.0506295673336595
9_ew_1500ms_sub-003_sess-1_3event.csv,C:\Users\arech\repos\novel_concept_learning_fMRI\experimental_task\task_designs\9_ew_1500ms\session-1\9_ew_1500ms_sub-003_sess-1_3event.csv,5,162,30,0.293137789986689,0.166626084338608,0.0384926891486409,0.287946453279679,0.158844906253525,0.0398812151026788,0.794520513274466,0.186919516836865,0.0491541373755092
9_ew_1500ms_sub-003_sess-1_3event.csv,C:\Users\arech\repos\novel_concept_learning_fMRI\experimental_task\task_designs\9_ew_1500ms\session-1\9_ew_1500ms_sub-003_sess-1_3event.csv,6,164,30,0.304452139188584,0.157810794778622,0.038149127693032,0.30520135398669,0.165570937017155,0.0395655525259157,0.771371525998444,0.185577107572049,0.048760930842379
9_ew_1500ms_sub-004_sess-1_3event.csv,C:\Users\arech\repos\novel_concept_learning_fMRI\experimental_task\task_designs\9_ew_1500ms\session-1\9_ew_1500ms_sub-004_sess-1_3event.csv,1,162,30,0.306829036109954,0.160607511210732,0.038273406964951,0.312929042270002,0.151249447179512,0.0398939340846838,0.778041100042315,0.189324718469901,0.049299435852501
9_ew_1500ms_sub-004_sess-1_3event.csv,C:\Users\arech\repos\novel_concept_learning_fMRI\experimental_task\task_designs\9_ew_1500ms\session-1\9_ew_1500ms_sub-004_sess-1_3event.csv,2,158,30,0.295385447309442,0.155161732171702,0.0388626997808395,0.292159806344178,0.158069969745864,0.0404205331335793,0.769517148897306,0.193252853451487,0.0504436879453714
9_ew_1500ms_sub-004_sess-1_3event.csv,C:\Users\arech\repos\novel_concept_learning_fMRI\experimental_task\task_designs\9_ew_1500ms\session-1\9_ew_1500ms_sub-004_sess-1_3event.csv,3,164,30,0.301807407003428,0.170733665208006,0.0378216239237495,0.301078628531096,0.173024123300282,0.0398861998143957,0.78771394537069,0.185112469920823,0.0480458871658793
9_ew_1500ms_sub-004_sess-1_3event.csv,C:\Users\arech\repos\novel_concept_learning_fMRI\experimental_task\task_designs\9_ew_1500ms\session-1\9_ew_1500ms_sub-004_sess-1_3event.csv,4,166,30,0.30376427787096,0.165926047839897,0.037006159296361,0.292396662528393,0.163566954263219,0.0394091573878322,0.775372641254461,0.184368981810101,0.0472455534656753
9_ew_1500ms_sub-004_sess-1_3event.csv,C:\Users\arech\repos\novel_concept_learning_fMRI\experimental_task\task_designs\9_ew_1500ms\session-1\9_ew_1500ms_sub-004_sess-1_3event.csv,5,163,30,0.239245268298819,0.166151416298345,0.0383597191158728,0.254511619778534,0.168732998829343,0.0411260331777727,0.792992169926579,0.184745233341561,0.0487242393780024
9_ew_1500ms_sub-004_sess-1_3event.csv,C:\Users\arech\repos\novel_concept_learning_fMRI\experimental_task\task_designs\9_ew_1500ms\session-1\9_ew_1500ms_sub-004_sess-1_3event.csv,6,165,30,0.296881607621385,0.173576367660058,0.0374154439048442,0.297035979072913,0.170629140533028,0.0400785375692913,0.797874598165509,0.18558203227347,0.0474859749816892
9_ew_1500ms_sub-005_sess-1_3event.csv,C:\Users\arech\repos\novel_concept_learning_fMRI\experimental_task\task_designs\9_ew_1500ms\session-1\9_ew_1500ms_sub-005_sess-1_3event.csv,1,157,30,0.272511721790822,0.158369229472827,0.0391275058961064,0.26992039568522,0.160021703469817,0.0421746201813472,0.77717173708199,0.194511593680785,0.0511723102892173
9_ew_1500ms_sub-005_sess-1_3event.csv,C:\Users\arech\repos\novel_concept_learning_fMRI\experimental_task\task_designs\9_ew_1500ms\session-1\9_ew_1500ms_sub-005_sess-1_3event.csv,2,166,30,0.27042082843082,0.172118376417356,0.0375606844219314,0.269527764894794,0.168293730250748,0.0395250377902571,0.796043485609789,0.185261314804934,0.0474187144634257
9_ew_1500ms_sub-005_sess-1_3event.csv,C:\Users\arech\repos\novel_concept_learning_fMRI\experimental_task\task_designs\9_ew_1500ms\session-1\9_ew_1500ms_sub-005_sess-1_3event.csv,3,158,30,0.264388512653357,0.163887973410592,0.0392330673485401,0.272566669444766,0.159812131270185,0.0416752769911284,0.774325668610857,0.194267274855018,0.0505957523985949
9_ew_1500ms_sub-005_sess-1_3event.csv,C:\Users\arech\repos\novel_concept_learning_fMRI\experimental_task\task_designs\9_ew_1500ms\session-1\9_ew_1500ms_sub-005_sess-1_3event.csv,4,157,30,0.267459248132794,0.158163692425336,0.0392958287809812,0.255850688599161,0.168553952421986,0.042216487789277,0.774572528737447,0.192109804798013,0.0510162676188289
9_ew_1500ms_sub-005_sess-1_3event.csv,C:\Users\arech\repos\novel_concept_learning_fMRI\experimental_task\task_designs\9_ew_1500ms\session-1\9_ew_1500ms_sub-005_sess-1_3event.csv,5,163,30,0.281764667427885,0.167898968762444,0.0376633471068819,0.268576993547287,0.163819390573805,0.040761084118468,0.795070067023391,0.188274959882181,0.0483362667352734
9_ew_1500ms_sub-005_sess-1_3event.csv,C:\Users\arech\repos\novel_concept_learning_fMRI\experimental_task\task_designs\9_ew_1500ms\session-1\9_ew_1500ms_sub-005_sess-1_3event.csv,6,162,30,0.260693809851146,0.173570236117436,0.038536947305614,0.243965049432707,0.168829424760031,0.040662983339273,0.786109012361285,0.187080627583962,0.0490135069453973
9_ew_1500ms_sub-006_sess-1_3event.csv,C:\Users\arech\repos\novel_concept_learning_fMRI\experimental_task\task_designs\9_ew_1500ms\session-1\9_ew_1500ms_sub-006_sess-1_3event.csv,1,161,30,0.271826592289868,0.157054523563534,0.0387991048643256,0.272948283162998,0.155542006420188,0.0405466146477803,0.779123573464798,0.190235747350785,0.0493948645577939
9_ew_1500ms_sub-006_sess-1_3event.csv,C:\Users\arech\repos\novel_concept_learning_fMRI\experimental_task\task_designs\9_ew_1500ms\session-1\9_ew_1500ms_sub-006_sess-1_3event.csv,2,158,30,0.238240576217345,0.16126492086278,0.0391563698509389,0.234827973190803,0.158354237610421,0.040305963846774,0.776202728225527,0.193435453747386,0.0509612508300367
9_ew_1500ms_sub-006_sess-1_3event.csv,C:\Users\arech\repos\novel_concept_learning_fMRI\experimental_task\task_designs\9_ew_1500ms\session-1\9_ew_1500ms_sub-006_sess-1_3event.csv,3,160,30,0.259648989045103,0.16386784611299,0.0391481260821018,0.260633919518029,0.162259256747101,0.0405446536602778,0.77898080921767,0.189218226059458,0.0503007727688019
9_ew_1500ms_sub-006_sess-1_3event.csv,C:\Users\arech\repos\novel_concept_learning_fMRI\experimental_task\task_designs\9_ew_1500ms\session-1\9_ew_1500ms_sub-006_sess-1_3event.csv,4,158,30,0.28033622324776,0.161253212109025,0.0389107792932247,0.271084634252324,0.16191299717804,0.0413584536293027,0.776866724886766,0.191103977180345,0.0505023378350966
9_ew_1500ms_sub-006_sess-1_3event.csv,C:\Users\arech\repos\novel_concept_learning_fMRI\experimental_task\task_designs\9_ew_1500ms\session-1\9_ew_1500ms_sub-006_sess-1_3event.csv,5,164,30,0.304452139188584,0.161087312024969,0.0377243566467303,0.300366572443674,0.157413991063425,0.0395288344333183,0.778527603205837,0.185181764760321,0.0484285976553483
9_ew_1500ms_sub-006_sess-1_3event.csv,C:\Users\arech\repos\novel_concept_learning_fMRI\experimental_task\task_designs\9_ew_1500ms\session-1\9_ew_1500ms_sub-006_sess-1_3event.csv,6,163,30,0.248750656865454,0.158310806242012,0.0380261572822369,0.240138987008027,0.155782754449972,0.0395828469680808,0.795260271229512,0.188797915741758,0.0487685323281685
9_ew_1500ms_sub-007_sess-1_3event.csv,C:\Users\arech\repos\novel_concept_learning_fMRI\experimental_task\task_designs\9_ew_1500ms\session-1\9_ew_1500ms_sub-007_sess-1_3event.csv,1,164,30,0.306213206489099,0.17594871658171,0.0378910116124108,0.300591959858225,0.173827990949573,0.0401530056234765,0.776000367817692,0.187463619512544,0.0478901650086837
9_ew_1500ms_sub-007_sess-1_3event.csv,C:\Users\arech\repos\novel_concept_learning_fMRI\experimental_task\task_designs\9_ew_1500ms\session-1\9_ew_1500ms_sub-007_sess-1_3event.csv,2,161,30,0.291367814248545,0.175145913679203,0.0382674162119055,0.288384125037911,0.176577437524444,0.0413099772944021,0.777430969923867,0.18927490018719,0.0489682161612845
9_ew_1500ms_sub-007_sess-1_3event.csv,C:\Users\arech\repos\novel_concept_learning_fMRI\experimental_task\task_designs\9_ew_1500ms\session-1\9_ew_1500ms_sub-007_sess-1_3event.csv,3,161,30,0.270407132877941,0.165133870625616,0.0389249794927049,0.276026938622862,0.158807937109409,0.0403715170844473,0.776279442328967,0.190144066678886,0.0501202521041589
9_ew_1500ms_sub-007_sess-1_3event.csv,C:\Users\arech\repos\novel_concept_learning_fMRI\experimental_task\task_designs\9_ew_1500ms\session-1\9_ew_1500ms_sub-007_sess-1_3event.csv,4,156,30,0.266899762530642,0.155605197400903,0.0396836303277464,0.260679447537732,0.160269644427075,0.0420515995934166,0.79423316715441,0.19236414192905,0.0513900532995758
9_ew_1500ms_sub-007_sess-1_3event.csv,C:\Users\arech\repos\novel_concept_learning_fMRI\experimental_task\task_designs\9_ew_1500ms\session-1\9_ew_1500ms_sub-007_sess-1_3event.csv,5,162,30,0.273318903957127,0.16603335062243,0.0382620781708016,0.268513933604051,0.162966033790467,0.0403204433618801,0.794630933985324,0.187599238981321,0.0493957426713729
9_ew_1500ms_sub-007_sess-1_3event.csv,C:\Users\arech\repos\novel_concept_learning_fMRI\experimental_task\task_designs\9_ew_1500ms\session-1\9_ew_1500ms_sub-007_sess-1_3event.csv,6,164,30,0.307736448634292,0.164689159155379,0.0379564657363838,0.325423925747103,0.161873850790683,0.0400833546414758,0.775105980040936,0.18679343498806,0.0484369715080825
9_ew_1500ms_sub-008_sess-1_3event.csv,C:\Users\arech\repos\novel_concept_learning_fMRI\experimental_task\task_designs\9_ew_1500ms\session-1\9_ew_1500ms_sub-008_sess-1_3event.csv,1,159,30,0.264155668230902,0.159585837887555,0.0384399605197901,0.267534505096582,0.162772622751926,0.0404494735421932,0.794153137180831,0.191278583280755,0.0498324874579463
9_ew_1500ms_sub-008_sess-1_3event.csv,C:\Users\arech\repos\novel_concept_learning_fMRI\experimental_task\task_designs\9_ew_1500ms\session-1\9_ew_1500ms_sub-008_sess-1_3event.csv,2,157,30,0.273386754779091,0.162306099391371,0.0391695179790776,0.290830150649584,0.161935366041967,0.0425316859029343,0.776861575099947,0.195295158314912,0.0507623860091755
9_ew_1500ms_sub-008_sess-1_3event.csv,C:\Users\arech\repos\novel_concept_learning_fMRI\experimental_task\task_designs\9_ew_1500ms\session-1\9_ew_1500ms_sub-008_sess-1_3event.csv,3,162,30,0.290057515836139,0.166361351888898,0.0383051499927427,0.278540634666039,0.169679404720443,0.0407674523913198,0.777548363642716,0.187930889705696,0.0487567988727549
9_ew_1500ms_sub-008_sess-1_3event.csv,C:\Users\arech\repos\novel_concept_learning_fMRI\experimental_task\task_designs\9_ew_1500ms\session-1\9_ew_1500ms_sub-008_sess-1_3event.csv,4,155,30,0.275325347700804,0.15822204976955,0.0395546343617566,0.262671140706166,0.15860381144069,0.0418193514672856,0.794470517685159,0.196323871650232,0.0517111341406393
9_ew_1500ms_sub-008_sess-1_3event.csv,C:\Users\arech\repos\novel_concept_learning_fMRI\experimental_task\task_designs\9_ew_1500ms\session-1\9_ew_1500ms_sub-008_sess-1_3event.csv,5,164,30,0.293369164044803,0.162009713594757,0.0379927709531551,0.274592048290921,0.16517792877021,0.039723512491308,0.792989906447523,0.185310736102809,0.0482849030674274
9_ew_1500ms_sub-008_sess-1_3event.csv,C:\Users\arech\repos\novel_concept_learning_fMRI\experimental_task\task_designs\9_ew_1500ms\session-1\9_ew_1500ms_sub-008_sess-1_3event.csv,6,158,30,0.249389249690292,0.169081532569145,0.0390667146093048,0.248510710042104,0.164259101271953,0.0408679422333292,0.77939853459301,0.191099580061526,0.0505752763180659
9_ew_1500ms_sub-009_sess-1_3event.csv,C:\Users\arech\repos\novel_concept_learning_fMRI\experimental_task\task_designs\9_ew_1500ms\session-1\9_ew_1500ms_sub-009_sess-1_3event.csv,1,161,30,0.271826592289868,0.158752764765171,0.038698130422005,0.262331260257463,0.161180437468,0.0403659330356156,0.79285178572267,0.189640927438104,0.0495068689555109
9_ew_1500ms_sub-009_sess-1_3event.csv,C:\Users\arech\repos\novel_concept_learning_fMRI\experimental_task\task_designs\9_ew_1500ms\session-1\9_ew_1500ms_sub-009_sess-1_3event.csv,2,161,30,0.299759557854303,0.168958501042746,0.0381332379405712,0.299877721562139,0.170073387925036,0.0406255997440553,0.779613834864424,0.191034559873707,0.0491510405958364
9_ew_1500ms_sub-009_sess-1_3event.csv,C:\Users\arech\repos\novel_concept_learning_fMRI\experimental_task\task_designs\9_ew_1500ms\session-1\9_ew_1500ms_sub-009_sess-1_3event.csv,3,160,30,0.308366500844244,0.156321809826409,0.0382194910496689,0.300694252019878,0.167611047671208,0.0408024508288498,0.792986853151707,0.190454625945446,0.0496007022425517
9_ew_1500ms_sub-009_sess-1_3event.csv,C:\Users\arech\repos\novel_concept_learning_fMRI\experimental_task\task_designs\9_ew_1500ms\session-1\9_ew_1500ms_sub-009_sess-1_3event.csv,4,157,30,0.293408866679723,0.161593883173661,0.0393852383182655,0.275142999605006,0.164072561867304,0.0423335908755193,0.778459962338991,0.193701675604368,0.0509148526709208
9_ew_1500ms_sub-009_sess-1_3event.csv,C:\Users\arech\repos\novel_concept_learning_fMRI\experimental_task\task_designs\9_ew_1500ms\session-1\9_ew_1500ms_sub-009_sess-1_3event.csv,5,162,30,0.308528584997485,0.163195645140235,0.0378713635720423,0.304403063335245,0.162209690202901,0.0399659126910453,0.776627950583634,0.187514761239845,0.0486327286765461
9_ew_1500ms_sub-009_sess-1_3event.csv,C:\Users\arech\repos\novel_concept_learning_fMRI\experimental_task\task_designs\9_ew_1500ms\session-1\9_ew_1500ms_sub-009_sess-1_3event.csv,6,160,30,0.305260443094823,0.156170050408089,0.0383672338055591,0.306619513342687,0.157701491089947,0.0401248808737262,0.780228583795,0.18865166542315,0.0497680044763709
9_ew_1500ms_sub-010_sess-1_3event.csv,C:\Users\arech\repos\novel_concept_learning_fMRI\experimental_task\task_designs\9_ew_1500ms\session-1\9_ew_1500ms_sub-010_sess-1_3event.csv,1,162,30,0.306973741793758,0.161605386943795,0.0378420723970318,0.305693244666126,0.164867016733993,0.0398845240201538,0.778041777669152,0.187606785069939,0.0492194910616826
9_ew_1500ms_sub-010_sess-1_3event.csv,C:\Users\arech\repos\novel_concept_learning_fMRI\experimental_task\task_designs\9_ew_1500ms\session-1\9_ew_1500ms_sub-010_sess-1_3event.csv,2,166,30,0.227952185634795,0.161670035143959,0.0376750223108386,0.23429484099706,0.162610666517277,0.0391973919244691,0.79282607748616,0.184852820388485,0.0478594787225238
9_ew_1500ms_sub-010_sess-1_3event.csv,C:\Users\arech\repos\novel_concept_learning_fMRI\experimental_task\task_designs\9_ew_1500ms\session-1\9_ew_1500ms_sub-010_sess-1_3event.csv,3,158,30,0.313864831373646,0.157977868313161,0.0389728857453702,0.310192089353744,0.164298268500662,0.0413963937602574,0.794031599257262,0.191498525942444,0.0511479095838732
9_ew_1500ms_sub-010_sess-1_3event.csv,C:\Users\arech\repos\novel_concept_learning_fMRI\experimental_task\task_designs\9_ew_1500ms\session-1\9_ew_1500ms_sub-010_sess-1_3event.csv,4,162,30,0.307943930529926,0.16062429558873,0.037941565984932,0.29346356093991,0.151385821251974,0.0404922277782148,0.769346274906772,0.190739804261662,0.0488378731973155
9_ew_1500ms_sub-010_sess-1_3event.csv,C:\Users\arech\repos\novel_concept_learning_fMRI\experimental_task\task_designs\9_ew_1500ms\session-1\9_ew_1500ms_sub-010_sess-1_3event.csv,5,161,30,0.310355572246158,0.169839917624413,0.0384286146857379,0.306221360661119,0.168144587391389,0.040762838796452,0.796528250152789,0.188502967361434,0.0493952162917229
9_ew_1500ms_sub-010_sess-1_3event.csv,C:\Users\arech\repos\novel_concept_learning_fMRI\experimental_task\task_designs\9_ew_1500ms\session-1\9_ew_1500ms_sub-010_sess-1_3event.csv,6,159,30,0.306582790854307,0.155595169022314,0.038638009083053,0.27351694914341,0.15765453860902,0.0410919510545294,0.794320667747299,0.191760497249843,0.0499912258691132
9_ew_1500ms_sub-011_sess-1_3event.csv,C:\Users\arech\repos\novel_concept_learning_fMRI\experimental_task\task_designs\9_ew_1500ms\session-1\9_ew_1500ms_sub-011_sess-1_3event.csv,1,156,30,0.310634619495591,0.161692077671669,0.0388190007848279,0.300386514341209,0.161831663041151,0.0411658625292028,0.77926593560965,0.196844494003084,0.0508756317211587
9_ew_1500ms_sub-011_sess-1_3event.csv,C:\Users\arech\repos\novel_concept_learning_fMRI\experimental_task\task_designs\9_ew_1500ms\session-1\9_ew_1500ms_sub-011_sess-1_3event.csv,2,161,30,0.308254127733929,0.15650646434284,0.0382699027114565,0.300466442551141,0.162862699426374,0.0399257769513076,0.773759961418111,0.188249162923022,0.0492906954807263
9_ew_1500ms_sub-011_sess-1_3event.csv,C:\Users\arech\repos\novel_concept_learning_fMRI\experimental_task\task_designs\9_ew_1500ms\session-1\9_ew_1500ms_sub-011_sess-1_3event.csv,3,161,30,0.251255679370375,0.166731363314589,0.0382319083163654,0.259593395858089,0.170316840267849,0.0410718669004005,0.774243053583514,0.19001346540912,0.0492949658532528
9_ew_1500ms_sub-011_sess-1_3event.csv,C:\Users\arech\repos\novel_concept_learning_fMRI\experimental_task\task_designs\9_ew_1500ms\session-1\9_ew_1500ms_sub-011_sess-1_3event.csv,4,162,30,0.279156329501149,0.163603426236572,0.0387575917086294,0.270924504822032,0.163881334241464,0.040459879540441,0.795269391088195,0.186542604252803,0.0491296336654633
9_ew_1500ms_sub-011_sess-1_3event.csv,C:\Users\arech\repos\novel_concept_learning_fMRI\experimental_task\task_designs\9_ew_1500ms\session-1\9_ew_1500ms_sub-011_sess-1_3event.csv,5,160,30,0.285709414361732,0.163367460236486,0.0390028869599801,0.249467840082109,0.16226624694674,0.0416971730437698,0.779585858985387,0.191767191838311,0.0498135366718368
9_ew_1500ms_sub-011_sess-1_3event.csv,C:\Users\arech\repos\novel_concept_learning_fMRI\experimental_task\task_designs\9_ew_1500ms\session-1\9_ew_1500ms_sub-011_sess-1_3event.csv,6,157,30,0.272511721790822,0.164352525998438,0.0391024517071364,0.266871374033267,0.161320626698874,0.0407378209787597,0.793973364793215,0.193399763628025,0.0507245920446604
9_ew_1500ms_sub-012_sess-1_3event.csv,C:\Users\arech\repos\novel_concept_learning_fMRI\experimental_task\task_designs\9_ew_1500ms\session-1\9_ew_1500ms_sub-012_sess-1_3event.csv,1,159,30,0.28315128996618,0.160872236915322,0.0388254445001687,0.272678325093149,0.167518637561995,0.0407903187209287,0.79092593166937,0.19195602418392,0.0500817720278704
9_ew_1500ms_sub-012_sess-1_3event.csv,C:\Users\arech\repos\novel_concept_learning_fMRI\experimental_task\task_designs\9_ew_1500ms\session-1\9_ew_1500ms_sub-012_sess-1_3event.csv,2,163,30,0.299411179110075,0.149398534595161,0.0378135925497474,0.29830722064549,0.146351921190309,0.0399426077701014,0.798608580690457,0.187117973734911,0.0486984539251332
9_ew_1500ms_sub-012_sess-1_3event.csv,C:\Users\arech\repos\novel_concept_learning_fMRI\experimental_task\task_designs\9_ew_1500ms\session-1\9_ew_1500ms_sub-012_sess-1_3event.csv,3,161,30,0.305638808533087,0.159160799224982,0.0380705184107613,0.294136159325293,0.16817984069326,0.0402494628624049,0.777729284517645,0.189561249297117,0.0492656603506535
9_ew_1500ms_sub-012_sess-1_3event.csv,C:\Users\arech\repos\novel_concept_learning_fMRI\experimental_task\task_designs\9_ew_1500ms\session-1\9_ew_1500ms_sub-012_sess-1_3event.csv,4,158,30,0.257450913547056,0.167209443455573,0.0386579015739653,0.271267947972165,0.165600429267895,0.0412303074493446,0.795705484175876,0.19411683260657,0.0505043494408838
9_ew_1500ms_sub-012_sess-1_3event.csv,C:\Users\arech\repos\novel_concept_learning_fMRI\experimental_task\task_designs\9_ew_1500ms\session-1\9_ew_1500ms_sub-012_sess-1_3event.csv,5,166,30,0.305334889560126,0.164725523717319,0.0373538112700695,0.305608899835341,0.171250794898109,0.039208781762712,0.795337667042935,0.184008176262023,0.0476838571195214
9_ew_1500ms_sub-012_sess-1_3event.csv,C:\Users\arech\repos\novel_concept_learning_fMRI\experimental_task\task_designs\9_ew_1500ms\session-1\9_ew_1500ms_sub-012_sess-1_3event.csv,6,163,30,0.304509333706921,0.171762076126491,0.038533866761765,0.300959829614923,0.175347288604921,0.0407475875374867,0.777538495745891,0.18884498284661,0.0486258806951906
9_ew_1500ms_sub-013_sess-1_3event.csv,C:\Users\arech\repos\novel_concept_learning_fMRI\experimental_task\task_designs\9_ew_1500ms\session-1\9_ew_1500ms_sub-013_sess-1_3event.csv,1,161,30,0.30998082588551,0.169033597218886,0.0385447763027546,0.317226015849712,0.168546634007203,0.0417174063283817,0.774999691462165,0.189948118346546,0.0494253629429908
9_ew_1500ms_sub-013_sess-1_3event.csv,C:\Users\arech\repos\novel_concept_learning_fMRI\experimental_task\task_designs\9_ew_1500ms\session-1\9_ew_1500ms_sub-013_sess-1_3event.csv,2,162,30,0.283065145886394,0.164958039349427,0.0380096292543777,0.278971383518209,0.164389939066992,0.0405859353053288,0.796369915231318,0.190040150777634,0.0485263607336088
9_ew_1500ms_sub-013_sess-1_3event.csv,C:\Users\arech\repos\novel_concept_learning_fMRI\experimental_task\task_designs\9_ew_1500ms\session-1\9_ew_1500ms_sub-013_sess-1_3event.csv,3,160,30,0.298561887570969,0.160723850401442,0.0383855849974596,0.278779493133424,0.162420999101444,0.0410169768617691,0.77270724472728,0.188112773564647,0.0494573872137802
9_ew_1500ms_sub-013_sess-1_3event.csv,C:\Users\arech\repos\novel_concept_learning_fMRI\experimental_task\task_designs\9_ew_1500ms\session-1\9_ew_1500ms_sub-013_sess-1_3event.csv,4,155,30,0.319146383479264,0.162076446660579,0.039288922098873,0.323729577132726,0.164051717953131,0.0417432379286994,0.794900091890489,0.195535016478423,0.0519968642678828
9_ew_1500ms_sub-013_sess-1_3event.csv,C:\Users\arech\repos\novel_concept_learning_fMRI\experimental_task\task_designs\9_ew_1500ms\session-1\9_ew_1500ms_sub-013_sess-1_3event.csv,5,158,30,0.242163216873033,0.153689588072457,0.0388695450291208,0.256395591870551,0.160090217813269,0.0415350982029548,0.79820052188872,0.193193707732702,0.0504739661753502
9_ew_1500ms_sub-013_sess-1_3event.csv,C:\Users\arech\repos\novel_concept_learning_fMRI\experimental_task\task_designs\9_ew_1500ms\session-1\9_ew_1500ms_sub-013_sess-1_3event.csv,6,160,30,0.298561887570969,0.156923245366772,0.0388349899148126,0.301998944840835,0.153118542727804,0.0408836445389841,0.796971478038755,0.189783379487838,0.0501520408069403
9_ew_1500ms_sub-014_sess-1_3event.csv,C:\Users\arech\repos\novel_concept_learning_fMRI\experimental_task\task_designs\9_ew_1500ms\session-1\9_ew_1500ms_sub-014_sess-1_3event.csv,1,166,30,0.304833503269768,0.164683497626025,0.0374012294850695,0.285475810784775,0.164373586789824,0.0397730584641903,0.77762342389479,0.18596447647416,0.0473699491677204
9_ew_1500ms_sub-014_sess-1_3event.csv,C:\Users\arech\repos\novel_concept_learning_fMRI\experimental_task\task_designs\9_ew_1500ms\session-1\9_ew_1500ms_sub-014_sess-1_3event.csv,2,160,30,0.305260443094823,0.155498003473632,0.0385794160966074,0.285645366760743,0.157538178168852,0.0414196052484524,0.774448015106231,0.190927636274505,0.0497091292777119
9_ew_1500ms_sub-014_sess-1_3event.csv,C:\Users\arech\repos\novel_concept_learning_fMRI\experimental_task\task_designs\9_ew_1500ms\session-1\9_ew_1500ms_sub-014_sess-1_3event.csv,3,170,30,0.300462048414898,0.174275686821872,0.0367226921836165,0.301011499783175,0.167123454274409,0.0390812910216884,0.778144668000465,0.184133893031216,0.0461342171390685
9_ew_1500ms_sub-014_sess-1_3event.csv,C:\Users\arech\repos\novel_concept_learning_fMRI\experimental_task\task_designs\9_ew_1500ms\session-1\9_ew_1500ms_sub-014_sess-1_3event.csv,4,161,30,0.235611586267711,0.173847978791529,0.038222649537957,0.235076932222746,0.173372010441095,0.0408281438381636,0.78902979026465,0.188760840489149,0.0492324377886761
9_ew_1500ms_sub-014_sess-1_3event.csv,C:\Users\arech\repos\novel_concept_learning_fMRI\experimental_task\task_designs\9_ew_1500ms\session-1\9_ew_1500ms_sub-014_sess-1_3event.csv,5,159,30,0.309679139369648,0.148584084676854,0.0389334112588897,0.313877110029541,0.151491919392639,0.0405266483173457,0.775166679624088,0.188382574634319,0.0505003098747301
9_ew_1500ms_sub-014_sess-1_3event.csv,C:\Users\arech\repos\novel_concept_learning_fMRI\experimental_task\task_designs\9_ew_1500ms\session-1\9_ew_1500ms_sub-014_sess-1_3event.csv,6,158,30,0.247084964092391,0.15583579556828,0.0389405056690978,0.243286318757895,0.161856734820813,0.0412038646852549,0.788782352240206,0.19071354471738,0.0506327815476029
9_ew_1500ms_sub-015_sess-1_3event.csv,C:\Users\arech\repos\novel_concept_learning_fMRI\experimental_task\task_designs\9_ew_1500ms\session-1\9_ew_1500ms_sub-015_sess-1_3event.csv,1,159,30,0.259096610698216,0.170607399014563,0.0385631149675519,0.260542675074446,0.169890677609473,0.0412302839824098,0.797969574303341,0.191451069197091,0.0497963459480945
9_ew_1500ms_sub-015_sess-1_3event.csv,C:\Users\arech\repos\novel_concept_learning_fMRI\experimental_task\task_designs\9_ew_1500ms\session-1\9_ew_1500ms_sub-015_sess-1_3event.csv,2,159,30,0.287053590813326,0.172877316623871,0.0384583844299447,0.275821991187211,0.173166755295291,0.0409328093334689,0.77584532439014,0.191194367366061,0.0494895307334745
9_ew_1500ms_sub-015_sess-1_3event.csv,C:\Users\arech\repos\novel_concept_learning_fMRI\experimental_task\task_designs\9_ew_1500ms\session-1\9_ew_1500ms_sub-015_sess-1_3event.csv,3,161,30,0.260171552450685,0.158501976083095,0.0383069918868927,0.254999599478696,0.175840780257429,0.0410090099906965,0.773209325289049,0.186422924749534,0.0491028695239292
9_ew_1500ms_sub-015_sess-1_3event.csv,C:\Users\arech\repos\novel_concept_learning_fMRI\experimental_task\task_designs\9_ew_1500ms\session-1\9_ew_1500ms_sub-015_sess-1_3event.csv,4,158,30,0.242735267577022,0.160840943225648,0.0388991697009273,0.256462526687566,0.162655553730736,0.0412259450530888,0.772815391445571,0.194042569500948,0.0502442356449339
9_ew_1500ms_sub-015_sess-1_3event.csv,C:\Users\arech\repos\novel_concept_learning_fMRI\experimental_task\task_designs\9_ew_1500ms\session-1\9_ew_1500ms_sub-015_sess-1_3event.csv,5,158,30,0.307919160881159,0.161194194937004,0.0390127482990139,0.277714368351342,0.163059821914151,0.0420327304781132,0.795803837039566,0.189723618785655,0.0502453154662191
9_ew_1500ms_sub-015_sess-1_3event.csv,C:\Users\arech\repos\novel_concept_learning_fMRI\experimental_task\task_designs\9_ew_1500ms\session-1\9_ew_1500ms_sub-015_sess-1_3event.csv,6,161,30,0.267073026532684,0.164723673878882,0.0385804560115728,0.241103059098235,0.1643743379051,0.0410765392141713,0.780919350278709,0.188396232624713,0.049225366285504
9_ew_1500ms_sub-016_sess-1_3event.csv,C:\Users\arech\repos\novel_concept_learning_fMRI\experimental_task\task_designs\9_ew_1500ms\session-1\9_ew_1500ms_sub-016_sess-1_3event.csv,1,161,30,0.307067422169766,0.153491111438215,0.0379849262165938,0.280929530654857,0.157918747439157,0.0410908115617013,0.782559619698817,0.189352440226827,0.0489491289232517
9_ew_1500ms_sub-016_sess-1_3event.csv,C:\Users\arech\repos\novel_concept_learning_fMRI\experimental_task\task_designs\9_ew_1500ms\session-1\9_ew_1500ms_sub-016_sess-1_3event.csv,2,159,30,0.29403159412599,0.155625851255319,0.0385645844111761,0.271992215097855,0.158510638353309,0.0411207721003879,0.779409626574506,0.190306072655199,0.0500902668812779
9_ew_1500ms_sub-016_sess-1_3event.csv,C:\Users\arech\repos\novel_concept_learning_fMRI\experimental_task\task_designs\9_ew_1500ms\session-1\9_ew_1500ms_sub-016_sess-1_3event.csv,3,160,30,0.27248006779457,0.158935283330446,0.0387936630475871,0.27392036666067,0.16034263167835,0.0402153047686216,0.770976147195237,0.189985877252563,0.049931277847007
9_ew_1500ms_sub-016_sess-1_3event.csv,C:\Users\arech\repos\novel_concept_learning_fMRI\experimental_task\task_designs\9_ew_1500ms\session-1\9_ew_1500ms_sub-016_sess-1_3event.csv,4,162,30,0.265751381394744,0.165052772298282,0.0378744196076303,0.258430421818035,0.166765259102131,0.0395033306644626,0.797518439364071,0.190799396203792,0.0489076386529732
9_ew_1500ms_sub-016_sess-1_3event.csv,C:\Users\arech\repos\novel_concept_learning_fMRI\experimental_task\task_designs\9_ew_1500ms\session-1\9_ew_1500ms_sub-016_sess-1_3event.csv,5,161,30,0.267792733654639,0.158436539301821,0.0385809435498058,0.263760968927535,0.156824239847646,0.0407554982495588,0.776390391711366,0.190258049657618,0.0493451341856353
9_ew_1500ms_sub-016_sess-1_3event.csv,C:\Users\arech\repos\novel_concept_learning_fMRI\experimental_task\task_designs\9_ew_1500ms\session-1\9_ew_1500ms_sub-016_sess-1_3event.csv,6,164,30,0.290564142606007,0.160924346865157,0.0374102984577856,0.279613030336316,0.162345676153231,0.0397034392479593,0.777741894894239,0.187219099130318,0.0480348192895041
9_ew_1500ms_sub-017_sess-1_3event.csv,C:\Users\arech\repos\novel_concept_learning_fMRI\experimental_task\task_designs\9_ew_1500ms\session-1\9_ew_1500ms_sub-017_sess-1_3event.csv,1,161,30,0.256637187235468,0.174601951754594,0.0382703503464909,0.256437640133675,0.175985186426181,0.0413668730458861,0.77416541082041,0.191260179834595,0.0489969105806408
9_ew_1500ms_sub-017_sess-1_3event.csv,C:\Users\arech\repos\novel_concept_learning_fMRI\experimental_task\task_designs\9_ew_1500ms\session-1\9_ew_1500ms_sub-017_sess-1_3event.csv,2,162,30,0.272290183973721,0.160238000994995,0.0381159054555389,0.257943753527019,0.157193811303732,0.0409817780298848,0.777983668694139,0.188103246152218,0.0489686117542794
9_ew_1500ms_sub-017_sess-1_3event.csv,C:\Users\arech\repos\novel_concept_learning_fMRI\experimental_task\task_designs\9_ew_1500ms\session-1\9_ew_1500ms_sub-017_sess-1_3event.csv,3,158,30,0.28033622324776,0.157345820830589,0.0385305153483133,0.278702005906111,0.158020520867269,0.0408836894969401,0.776901169658551,0.194593716141544,0.0500760549367686
9_ew_1500ms_sub-017_sess-1_3event.csv,C:\Users\arech\repos\novel_concept_learning_fMRI\experimental_task\task_designs\9_ew_1500ms\session-1\9_ew_1500ms_sub-017_sess-1_3event.csv,4,158,30,0.314428315961352,0.158756289378817,0.0383566755607435,0.319107003067566,0.161549035909618,0.040862908015712,0.791332023600319,0.192755171863611,0.050179088632025
9_ew_1500ms_sub-017_sess-1_3event.csv,C:\Users\arech\repos\novel_concept_learning_fMRI\experimental_task\task_designs\9_ew_1500ms\session-1\9_ew_1500ms_sub-017_sess-1_3event.csv,5,160,30,0.281804825372175,0.158300716393179,0.0384634877292572,0.260466127568523,0.158895723784467,0.0414716227919941,0.793940716324841,0.190690258014999,0.0495745011727362
9_ew_1500ms_sub-017_sess-1_3event.csv,C:\Users\arech\repos\novel_concept_learning_fMRI\experimental_task\task_designs\9_ew_1500ms\session-1\9_ew_1500ms_sub-017_sess-1_3event.csv,6,163,30,0.273667384288314,0.168990822451199,0.0386699692500206,0.256613488407002,0.159956922760111,0.0400260155117896,0.795147798454091,0.187372155831657,0.0491320993890785
9_ew_1500ms_sub-018_sess-1_3event.csv,C:\Users\arech\repos\novel_concept_learning_fMRI\experimental_task\task_designs\9_ew_1500ms\session-1\9_ew_1500ms_sub-018_sess-1_3event.csv,1,161,30,0.309218604238463,0.164048671436092,0.0380274723076589,0.288105084522745,0.167186743190907,0.0407642861918686,0.795873902109122,0.188354350213936,0.0487703418218712
9_ew_1500ms_sub-018_sess-1_3event.csv,C:\Users\arech\repos\novel_concept_learning_fMRI\experimental_task\task_designs\9_ew_1500ms\session-1\9_ew_1500ms_sub-018_sess-1_3event.csv,2,161,30,0.259054464177076,0.155997119036243,0.0383650042557571,0.251295889860059,0.162427319566228,0.0399657221106446,0.796719025990049,0.187089883016254,0.0492999722713541
9_ew_1500ms_sub-018_sess-1_3event.csv,C:\Users\arech\repos\novel_concept_learning_fMRI\experimental_task\task_designs\9_ew_1500ms\session-1\9_ew_1500ms_sub-018_sess-1_3event.csv,3,163,30,0.269200516972968,0.161532534286797,0.0382969673393546,0.262376686030647,0.163229493724519,0.041044439281826,0.794481809941476,0.189873269163968,0.0485973112635103
9_ew_1500ms_sub-018_sess-1_3event.csv,C:\Users\arech\repos\novel_concept_learning_fMRI\experimental_task\task_designs\9_ew_1500ms\session-1\9_ew_1500ms_sub-018_sess-1_3event.csv,4,166,30,0.277947573153905,0.162326930661048,0.037682272428881,0.26674493304398,0.161140090340011,0.0401473441535984,0.795799412189275,0.182991244853309,0.0477183842805203
9_ew_1500ms_sub-018_sess-1_3event.csv,C:\Users\arech\repos\novel_concept_learning_fMRI\experimental_task\task_designs\9_ew_1500ms\session-1\9_ew_1500ms_sub-018_sess-1_3event.csv,5,160,30,0.308366500844244,0.154799287573805,0.0380954244718884,0.301324592296355,0.154222751808347,0.0398410097827285,0.797507032491148,0.190891871372662,0.0498856131429097
9_ew_1500ms_sub-018_sess-1_3event.csv,C:\Users\arech\repos\novel_concept_learning_fMRI\experimental_task\task_designs\9_ew_1500ms\session-1\9_ew_1500ms_sub-018_sess-1_3event.csv,6,165,30,0.30652849445918,0.172724363102775,0.0367533875665503,0.301781863227002,0.179475591100575,0.0403603057828378,0.780971799506734,0.189388833655241,0.0474129364943019
9_ew_1500ms_sub-019_sess-1_3event.csv,C:\Users\arech\repos\novel_concept_learning_fMRI\experimental_task\task_designs\9_ew_1500ms\session-1\9_ew_1500ms_sub-019_sess-1_3event.csv,1,160,30,0.260278595419436,0.164855481190631,0.0388511078407142,0.253166507313766,0.166015198710506,0.0407084057195624,0.786690744128145,0.18828645149024,0.0496273370339911
9_ew_1500ms_sub-019_sess-1_3event.csv,C:\Users\arech\repos\novel_concept_learning_fMRI\experimental_task\task_designs\9_ew_1500ms\session-1\9_ew_1500ms_sub-019_sess-1_3event.csv,2,159,30,0.28315128996618,0.156583365527184,0.0388859025641288,0.279199029607123,0.158303703409374,0.0402177560477981,0.777480362161554,0.190427492249309,0.0499236512312727
9_ew_1500ms_sub-019_sess-1_3event.csv,C:\Users\arech\repos\novel_concept_learning_fMRI\experimental_task\task_designs\9_ew_1500ms\session-1\9_ew_1500ms_sub-019_sess-1_3event.csv,3,164,30,0.287479182609881,0.165061385225925,0.037737558904962,0.27868170893842,0.161632048471085,0.0399043077921826,0.7772447302763,0.187199264815586,0.0481868426664996
9_ew_1500ms_sub-019_sess-1_3event.csv,C:\Users\arech\repos\novel_concept_learning_fMRI\experimental_task\task_designs\9_ew_1500ms\session-1\9_ew_1500ms_sub-019_sess-1_3event.csv,4,162,30,0.260474117602996,0.169059255304114,0.0382050334152215,0.276071822074429,0.16623979598307,0.0409090631686057,0.793002120608206,0.188871867183315,0.0489712024315444
9_ew_1500ms_sub-019_sess-1_3event.csv,C:\Users\arech\repos\novel_concept_learning_fMRI\experimental_task\task_designs\9_ew_1500ms\session-1\9_ew_1500ms_sub-019_sess-1_3event.csv,5,165,30,0.240543659102186,0.173815281761662,0.0380885834590591,0.24065622696287,0.174191580083982,0.0406485451145093,0.797785207948928,0.184535830137418,0.0479833181927209
9_ew_1500ms_sub-019_sess-1_3event.csv,C:\Users\arech\repos\novel_concept_learning_fMRI\experimental_task\task_designs\9_ew_1500ms\session-1\9_ew_1500ms_sub-019_sess-1_3event.csv,6,154,30,0.290113832959796,0.165744773552049,0.0395655528555005,0.293609423160838,0.165157945687444,0.0417884446386509,0.779971219584775,0.196681602654324,0.0519166028737813
9_ew_1500ms_sub-020_sess-1_3event.csv,C:\Users\arech\repos\novel_concept_learning_fMRI\experimental_task\task_designs\9_ew_1500ms\session-1\9_ew_1500ms_sub-020_sess-1_3event.csv,1,163,30,0.305706461497255,0.157404388487413,0.0375426600830515,0.307912725752596,0.159355590133643,0.0401156373120176,0.797706184590681,0.188744252767046,0.0485365854530904
9_ew_1500ms_sub-020_sess-1_3event.csv,C:\Users\arech\repos\novel_concept_learning_fMRI\experimental_task\task_designs\9_ew_1500ms\session-1\9_ew_1500ms_sub-020_sess-1_3event.csv,2,161,30,0.265972155934966,0.164754136990531,0.0386240494601537,0.266073676852701,0.163549176323283,0.0406446404707905,0.776916448451531,0.188612715091823,0.0495019626325811
9_ew_1500ms_sub-020_sess-1_3event.csv,C:\Users\arech\repos\novel_concept_learning_fMRI\experimental_task\task_designs\9_ew_1500ms\session-1\9_ew_1500ms_sub-020_sess-1_3event.csv,3,163,30,0.299411179110075,0.16256824205464,0.038179714735299,0.264912956733982,0.167493708251222,0.0404489741517447,0.777353001866081,0.187867989951423,0.0486808249212954
9_ew_1500ms_sub-020_sess-1_3event.csv,C:\Users\arech\repos\novel_concept_learning_fMRI\experimental_task\task_designs\9_ew_1500ms\session-1\9_ew_1500ms_sub-020_sess-1_3event.csv,4,161,30,0.260419582644676,0.162100819476535,0.0387183896632642,0.239180908468177,0.160109534837009,0.0409105592020221,0.771115781301515,0.188020797306519,0.0495489301946966
9_ew_1500ms_sub-020_sess-1_3event.csv,C:\Users\arech\repos\novel_concept_learning_fMRI\experimental_task\task_designs\9_ew_1500ms\session-1\9_ew_1500ms_sub-020_sess-1_3event.csv,5,161,30,0.255379310261896,0.170451622531689,0.0383770395915933,0.279625807138407,0.167640566668682,0.0409456923396261,0.79257265466189,0.191258536702166,0.0495282626587393
9_ew_1500ms_sub-020_sess-1_3event.csv,C:\Users\arech\repos\novel_concept_learning_fMRI\experimental_task\task_designs\9_ew_1500ms\session-1\9_ew_1500ms_sub-020_sess-1_3event.csv,6,163,30,0.285400851947343,0.172537806921221,0.0377635313489195,0.274251687182497,0.167423237999331,0.0398774618756627,0.77610075947576,0.18754483778377,0.0485185499305678
9_ew_1500ms_sub-021_sess-1_3event.csv,C:\Users\arech\repos\novel_concept_learning_fMRI\experimental_task\task_designs\9_ew_1500ms\session-1\9_ew_1500ms_sub-021_sess-1_3event.csv,1,158,30,0.271128804096159,0.161637997519407,0.0393019091345789,0.27378280375983,0.163159007464412,0.0409241760826796,0.774221248793353,0.190653665231644,0.0511399310921756
9_ew_1500ms_sub-021_sess-1_3event.csv,C:\Users\arech\repos\novel_concept_learning_fMRI\experimental_task\task_designs\9_ew_1500ms\session-1\9_ew_1500ms_sub-021_sess-1_3event.csv,2,160,30,0.308366500844244,0.159600345107031,0.0381878113950095,0.312019781476751,0.159865963319683,0.0404984372987197,0.778071250228272,0.190678615297272,0.0494193117916198
9_ew_1500ms_sub-021_sess-1_3event.csv,C:\Users\arech\repos\novel_concept_learning_fMRI\experimental_task\task_designs\9_ew_1500ms\session-1\9_ew_1500ms_sub-021_sess-1_3event.csv,3,161,30,0.29444557463221,0.147272456050094,0.0379138320959398,0.279217634356406,0.157586740819074,0.0399807098272518,0.780593439165518,0.189552799498317,0.0490821914728271
9_ew_1500ms_sub-021_sess-1_3event.csv,C:\Users\arech\repos\novel_concept_learning_fMRI\experimental_task\task_designs\9_ew_1500ms\session-1\9_ew_1500ms_sub-021_sess-1_3event.csv,4,159,30,0.29403159412599,0.158080857263418,0.0386305523212786,0.276400517476825,0.161605305362325,0.0405390102061277,0.776330242544884,0.191347310928536,0.0498821596023553
9_ew_1500ms_sub-021_sess-1_3event.csv,C:\Users\arech\repos\novel_concept_learning_fMRI\experimental_task\task_designs\9_ew_1500ms\session-1\9_ew_1500ms_sub-021_sess-1_3event.csv,5,164,30,0.240912047664206,0.171881296513716,0.0378119219354968,0.23230905911278,0.173579424255888,0.0404448089893633,0.792688403061322,0.186715482481521,0.0479248575904653
9_ew_1500ms_sub-021_sess-1_3event.csv,C:\Users\arech\repos\novel_concept_learning_fMRI\experimental_task\task_designs\9_ew_1500ms\session-1\9_ew_1500ms_sub-021_sess-1_3event.csv,6,159,30,0.264706702840416,0.155853071215416,0.0389207380626205,0.25153501571,0.153767486615075,0.041312715899898,0.798639422265691,0.190730687151115,0.0502977140820667
9_ew_1500ms_sub-022_sess-1_3event.csv,C:\Users\arech\repos\novel_concept_learning_fMRI\experimental_task\task_designs\9_ew_1500ms\session-1\9_ew_1500ms_sub-022_sess-1_3event.csv,1,161,30,0.307067422169766,0.162515700563685,0.0386111691660796,0.313261727500347,0.167317714144353,0.0400003158458158,0.779825902854365,0.189669101563652,0.0496102981422669
9_ew_1500ms_sub-022_sess-1_3event.csv,C:\Users\arech\repos\novel_concept_learning_fMRI\experimental_task\task_designs\9_ew_1500ms\session-1\9_ew_1500ms_sub-022_sess-1_3event.csv,2,161,30,0.262016273458337,0.165179256998065,0.0382443565520255,0.24680132645703,0.171331956379053,0.0400125561212834,0.781121997633734,0.187636863735359,0.0490283730319424
9_ew_1500ms_sub-022_sess-1_3event.csv,C:\Users\arech\repos\novel_concept_learning_fMRI\experimental_task\task_designs\9_ew_1500ms\session-1\9_ew_1500ms_sub-022_sess-1_3event.csv,3,162,30,0.30930194624929,0.162065965523312,0.0383567743888414,0.317073984943003,0.164738875336066,0.0398183861083134,0.789587843052059,0.187952314666907,0.0490823999840585
9_ew_1500ms_sub-022_sess-1_3event.csv,C:\Users\arech\repos\novel_concept_learning_fMRI\experimental_task\task_designs\9_ew_1500ms\session-1\9_ew_1500ms_sub-022_sess-1_3event.csv,4,166,30,0.265369580003053,0.162006466325806,0.0378105391257116,0.254942935153787,0.163687949173906,0.0402868016123616,0.773082988663054,0.184837426257099,0.0475957638167653
9_ew_1500ms_sub-022_sess-1_3event.csv,C:\Users\arech\repos\novel_concept_learning_fMRI\experimental_task\task_designs\9_ew_1500ms\session-1\9_ew_1500ms_sub-022_sess-1_3event.csv,5,157,30,0.310937854401005,0.156633883034155,0.03904640484233,0.297766300138392,0.156560849686461,0.0419729205214921,0.77655032543662,0.19363532446138,0.050776283845568
9_ew_1500ms_sub-022_sess-1_3event.csv,C:\Users\arech\repos\novel_concept_learning_fMRI\experimental_task\task_designs\9_ew_1500ms\session-1\9_ew_1500ms_sub-022_sess-1_3event.csv,6,159,30,0.290680711852846,0.166735816439756,0.0385787787627249,0.25778331150759,0.167759886424776,0.0417145049247615,0.793658397684202,0.190159065703752,0.0496878592091479
9_ew_1500ms_sub-023_sess-1_3event.csv,C:\Users\arech\repos\novel_concept_learning_fMRI\experimental_task\task_designs\9_ew_1500ms\session-1\9_ew_1500ms_sub-023_sess-1_3event.csv,1,164,30,0.307259045065538,0.167838201106834,0.0374414160507237,0.304689840920352,0.164001272999573,0.0397175409207817,0.780172934549065,0.18377971188173,0.0480151051355838
9_ew_1500ms_sub-023_sess-1_3event.csv,C:\Users\arech\repos\novel_concept_learning_fMRI\experimental_task\task_designs\9_ew_1500ms\session-1\9_ew_1500ms_sub-023_sess-1_3event.csv,2,158,30,0.254976393595589,0.164256935130997,0.0394040509871494,0.255719540988805,0.162047036076965,0.0409932961202002,0.794505717787852,0.192761313205428,0.0506668759838081
9_ew_1500ms_sub-023_sess-1_3event.csv,C:\Users\arech\repos\novel_concept_learning_fMRI\experimental_task\task_designs\9_ew_1500ms\session-1\9_ew_1500ms_sub-023_sess-1_3event.csv,3,165,30,0.26187436577429,0.16479771020388,0.0377706960413863,0.261258008341862,0.165362610175666,0.0406942313790499,0.772589393215544,0.187006225902166,0.0477088919246517
9_ew_1500ms_sub-023_sess-1_3event.csv,C:\Users\arech\repos\novel_concept_learning_fMRI\experimental_task\task_designs\9_ew_1500ms\session-1\9_ew_1500ms_sub-023_sess-1_3event.csv,4,161,30,0.311273085013688,0.159967388501936,0.0385354480774987,0.301903392654812,0.162876134045417,0.0399986742587007,0.792165680700336,0.188908859335384,0.0493747381026204
9_ew_1500ms_sub-023_sess-1_3event.csv,C:\Users\arech\repos\novel_concept_learning_fMRI\experimental_task\task_designs\9_ew_1500ms\session-1\9_ew_1500ms_sub-023_sess-1_3event.csv,5,166,30,0.299318825018363,0.168379531002613,0.0372809015762969,0.293974674977276,0.17291789851199,0.0400587634193899,0.778546426426894,0.188404294312604,0.0473614978468474
9_ew_1500ms_sub-023_sess-1_3event.csv,C:\Users\arech\repos\novel_concept_learning_fMRI\experimental_task\task_designs\9_ew_1500ms\session-1\9_ew_1500ms_sub-023_sess-1_3event.csv,6,161,30,0.311273085013688,0.16344444323349,0.037899438047442,0.305178373512055,0.167968047854264,0.0407315235570297,0.778922851144322,0.189835890818419,0.0493279906365135
9_ew_1500ms_sub-024_sess-1_3event.csv,C:\Users\arech\repos\novel_concept_learning_fMRI\experimental_task\task_designs\9_ew_1500ms\session-1\9_ew_1500ms_sub-024_sess-1_3event.csv,1,162,30,0.249594203070522,0.166314618112945,0.0382955479640143,0.248001289542376,0.16436046442688,0.0405191045896961,0.792490406860101,0.186334645477513,0.0491216247079046
9_ew_1500ms_sub-024_sess-1_3event.csv,C:\Users\arech\repos\novel_concept_learning_fMRI\experimental_task\task_designs\9_ew_1500ms\session-1\9_ew_1500ms_sub-024_sess-1_3event.csv,2,163,30,0.285400851947343,0.169868241250218,0.0378577716796688,0.288528448589741,0.168191789096462,0.0400094583829496,0.794230225413585,0.187530367421747,0.0483166314308544
9_ew_1500ms_sub-024_sess-1_3event.csv,C:\Users\arech\repos\novel_concept_learning_fMRI\experimental_task\task_designs\9_ew_1500ms\session-1\9_ew_1500ms_sub-024_sess-1_3event.csv,3,157,30,0.316529442133914,0.155552904246903,0.0391937384970292,0.317357768952676,0.159165986337895,0.0414195864253122,0.77835621068813,0.195372925227632,0.0513210498848483
9_ew_1500ms_sub-024_sess-1_3event.csv,C:\Users\arech\repos\novel_concept_learning_fMRI\experimental_task\task_designs\9_ew_1500ms\session-1\9_ew_1500ms_sub-024_sess-1_3event.csv,4,158,30,0.301243149424026,0.155001879908274,0.0386817900433701,0.286831437596053,0.158127240914419,0.040605366051258,0.802609350587764,0.192030440601336,0.0503805327330442
9_ew_1500ms_sub-024_sess-1_3event.csv,C:\Users\arech\repos\novel_concept_learning_fMRI\experimental_task\task_designs\9_ew_1500ms\session-1\9_ew_1500ms_sub-024_sess-1_3event.csv,5,158,30,0.26069743507509,0.160255257701574,0.0390611228083488,0.259673193817372,0.16142890311766,0.0420040296802787,0.773277545782902,0.192410255913034,0.050690433378548
9_ew_1500ms_sub-024_sess-1_3event.csv,C:\Users\arech\repos\novel_concept_learning_fMRI\experimental_task\task_designs\9_ew_1500ms\session-1\9_ew_1500ms_sub-024_sess-1_3event.csv,6,164,30,0.303250019093704,0.152773046364263,0.0379135134793799,0.297034806022416,0.156864479917527,0.0404696665797606,0.786998452341314,0.187241339625778,0.0487082841893741
9_ew_1500ms_sub-025_sess-1_3event.csv,C:\Users\arech\repos\novel_concept_learning_fMRI\experimental_task\task_designs\9_ew_1500ms\session-1\9_ew_1500ms_sub-025_sess-1_3event.csv,1,168,30,0.293185642365944,0.173257345654892,0.0371172464854983,0.298174748096101,0.17345384897354,0.0390035114086247,0.794350770405268,0.183534485146413,0.0466622016689272
9_ew_1500ms_sub-025_sess-1_3event.csv,C:\Users\arech\repos\novel_concept_learning_fMRI\experimental_task\task_designs\9_ew_1500ms\session-1\9_ew_1500ms_sub-025_sess-1_3event.csv,2,162,30,0.305781750642449,0.1530719425805,0.0381705302536815,0.307177085838292,0.162931183885822,0.0408014785716451,0.778388305548891,0.189170442426759,0.048819603010923
9_ew_1500ms_sub-025_sess-1_3event.csv,C:\Users\arech\repos\novel_concept_learning_fMRI\experimental_task\task_designs\9_ew_1500ms\session-1\9_ew_1500ms_sub-025_sess-1_3event.csv,3,163,30,0.259386229271375,0.166440019825725,0.0377556919655398,0.241067359987713,0.166447319690437,0.0406901671480304,0.792571138682329,0.188196223450291,0.0482649626971532
9_ew_1500ms_sub-025_sess-1_3event.csv,C:\Users\arech\repos\novel_concept_learning_fMRI\experimental_task\task_designs\9_ew_1500ms\session-1\9_ew_1500ms_sub-025_sess-1_3event.csv,4,161,30,0.310564256680919,0.163125003643306,0.0383047774105873,0.294647521113253,0.163742475042291,0.0402431006731578,0.779733106107487,0.187156926502027,0.0493555386971474
9_ew_1500ms_sub-025_sess-1_3event.csv,C:\Users\arech\repos\novel_concept_learning_fMRI\experimental_task\task_designs\9_ew_1500ms\session-1\9_ew_1500ms_sub-025_sess-1_3event.csv,5,160,30,0.253352954500029,0.171351178013756,0.0389635645282212,0.266484497718506,0.164012022513754,0.0425678405778309,0.781042109413896,0.191649907544999,0.0499114283572992
9_ew_1500ms_sub-025_sess-1_3event.csv,C:\Users\arech\repos\novel_concept_learning_fMRI\experimental_task\task_designs\9_ew_1500ms\session-1\9_ew_1500ms_sub-025_sess-1_3event.csv,6,162,30,0.305781750642449,0.168065333765217,0.0384243823171029,0.306086369191193,0.167763352776663,0.0409870388279835,0.77991112982479,0.18744780324706,0.0492449849008748
9_ew_1500ms_sub-026_sess-1_3event.csv,C:\Users\arech\repos\novel_concept_learning_fMRI\experimental_task\task_designs\9_ew_1500ms\session-1\9_ew_1500ms_sub-026_sess-1_3event.csv,1,157,30,0.316529442133914,0.162553233771482,0.0391183556575202,0.306097281375728,0.159238190649591,0.0411305471407459,0.789661572547796,0.193538385899203,0.0512725644168948
9_ew_1500ms_sub-026_sess-1_3event.csv,C:\Users\arech\repos\novel_concept_learning_fMRI\experimental_task\task_designs\9_ew_1500ms\session-1\9_ew_1500ms_sub-026_sess-1_3event.csv,2,163,30,0.29184403876285,0.167891496174019,0.0383961417199181,0.292783099121019,0.166168530187358,0.0398509149792333,0.777694383996889,0.187524959903978,0.048664838327388
9_ew_1500ms_sub-026_sess-1_3event.csv,C:\Users\arech\repos\novel_concept_learning_fMRI\experimental_task\task_designs\9_ew_1500ms\session-1\9_ew_1500ms_sub-026_sess-1_3event.csv,3,162,30,0.260693809851146,0.160816914934175,0.0383679228157581,0.273978134650592,0.161009576739661,0.0415985467202662,0.776334148427616,0.188862981246921,0.0490690576111307
9_ew_1500ms_sub-026_sess-1_3event.csv,C:\Users\arech\repos\novel_concept_learning_fMRI\experimental_task\task_designs\9_ew_1500ms\session-1\9_ew_1500ms_sub-026_sess-1_3event.csv,4,160,30,0.257061471579825,0.153594306411826,0.0386312354302406,0.2539506104355,0.164100585461347,0.0411649347572151,0.774112124646614,0.189178305391896,0.0493519703930852
9_ew_1500ms_sub-026_sess-1_3event.csv,C:\Users\arech\repos\novel_concept_learning_fMRI\experimental_task\task_designs\9_ew_1500ms\session-1\9_ew_1500ms_sub-026_sess-1_3event.csv,5,163,30,0.244494920940543,0.165296413607284,0.0381545875115447,0.251617888465741,0.164774281751641,0.0398192614681983,0.780734557527159,0.185545289263509,0.0483005449541225
9_ew_1500ms_sub-026_sess-1_3event.csv,C:\Users\arech\repos\novel_concept_learning_fMRI\experimental_task\task_designs\9_ew_1500ms\session-1\9_ew_1500ms_sub-026_sess-1_3event.csv,6,161,30,0.236616490162934,0.165868491915713,0.0378853859588358,0.241816858433561,0.166352775108608,0.0399513502825839,0.775142329844002,0.191053230950258,0.0493631953056776
9_ew_1500ms_sub-027_sess-1_3event.csv,C:\Users\arech\repos\novel_concept_learning_fMRI\experimental_task\task_designs\9_ew_1500ms\session-1\9_ew_1500ms_sub-027_sess-1_3event.csv,1,156,30,0.273259665614115,0.159918800068707,0.0394580916686809,0.286908491220439,0.157240198016503,0.0418784687417088,0.793267253701508,0.19489691209999,0.0513770572127903
9_ew_1500ms_sub-027_sess-1_3event.csv,C:\Users\arech\repos\novel_concept_learning_fMRI\experimental_task\task_designs\9_ew_1500ms\session-1\9_ew_1500ms_sub-027_sess-1_3event.csv,2,161,30,0.265546294041654,0.157448417204729,0.038609316168622,0.258569739400262,0.158919756551974,0.0409778369202348,0.776986099128238,0.189831107087752,0.0495900418110342
9_ew_1500ms_sub-027_sess-1_3event.csv,C:\Users\arech\repos\novel_concept_learning_fMRI\experimental_task\task_designs\9_ew_1500ms\session-1\9_ew_1500ms_sub-027_sess-1_3event.csv,3,162,30,0.310185625348216,0.158189960594417,0.0382979597532597,0.311019303579318,0.157825640780217,0.0399081857606191,0.776595344317061,0.187828421998335,0.0493114575346654
9_ew_1500ms_sub-027_sess-1_3event.csv,C:\Users\arech\repos\novel_concept_learning_fMRI\experimental_task\task_designs\9_ew_1500ms\session-1\9_ew_1500ms_sub-027_sess-1_3event.csv,4,160,30,0.252254318670492,0.16324458091444,0.039073325325702,0.24371801574282,0.16520059125701,0.0402974241356885,0.795192935067337,0.191021947782871,0.049888426705602
9_ew_1500ms_sub-027_sess-1_3event.csv,C:\Users\arech\repos\novel_concept_learning_fMRI\experimental_task\task_designs\9_ew_1500ms\session-1\9_ew_1500ms_sub-027_sess-1_3event.csv,5,157,30,0.25636123150414,0.157775774839806,0.0395518908301182,0.261649996131385,0.156964834834334,0.043292538963831,0.772433607511061,0.193751794963937,0.0510604159087557
9_ew_1500ms_sub-027_sess-1_3event.csv,C:\Users\arech\repos\novel_concept_learning_fMRI\experimental_task\task_designs\9_ew_1500ms\session-1\9_ew_1500ms_sub-027_sess-1_3event.csv,6,158,30,0.254976393595589,0.15511793657316,0.0386914795705618,0.243672464943521,0.154123472297914,0.0413453150239685,0.776773536397484,0.191880997368541,0.0502400512512077
9_ew_1500ms_sub-028_sess-1_3event.csv,C:\Users\arech\repos\novel_concept_learning_fMRI\experimental_task\task_designs\9_ew_1500ms\session-1\9_ew_1500ms_sub-028_sess-1_3event.csv,1,161,30,0.303951954880447,0.163917827717636,0.0386926168995144,0.260286562237209,0.169468376673787,0.0414642006433789,0.795061854248042,0.191682857499068,0.0496800171977556
9_ew_1500ms_sub-028_sess-1_3event.csv,C:\Users\arech\repos\novel_concept_learning_fMRI\experimental_task\task_designs\9_ew_1500ms\session-1\9_ew_1500ms_sub-028_sess-1_3event.csv,2,154,30,0.317596176955252,0.163610181219306,0.0396876979538106,0.279171079701642,0.163206474953915,0.043266130123821,0.775018124875956,0.195567883435668,0.0523652875369177
9_ew_1500ms_sub-028_sess-1_3event.csv,C:\Users\arech\repos\novel_concept_learning_fMRI\experimental_task\task_designs\9_ew_1500ms\session-1\9_ew_1500ms_sub-028_sess-1_3event.csv,3,153,30,0.317848257111817,0.158344635300361,0.0398570561926152,0.323047976774191,0.159936763533897,0.0427268125125613,0.792494951005234,0.197568488600942,0.0527477161066852
9_ew_1500ms_sub-028_sess-1_3event.csv,C:\Users\arech\repos\novel_concept_learning_fMRI\experimental_task\task_designs\9_ew_1500ms\session-1\9_ew_1500ms_sub-028_sess-1_3event.csv,4,164,30,0.263152256194404,0.169828421306019,0.0379055257151828,0.25418532582721,0.168597682040119,0.040702784361956,0.787438104479426,0.186354917567987,0.0482497535495001
9_ew_1500ms_sub-028_sess-1_3event.csv,C:\Users\arech\repos\novel_concept_learning_fMRI\experimental_task\task_designs\9_ew_1500ms\session-1\9_ew_1500ms_sub-028_sess-1_3event.csv,5,155,30,0.288689948156771,0.158511811655178,0.0397836677614505,0.257275954484489,0.158927362515883,0.0427412471111583,0.788924995663266,0.194471631558746,0.0516731252364418
9_ew_1500ms_sub-028_sess-1_3event.csv,C:\Users\arech\repos\novel_concept_learning_fMRI\experimental_task\task_designs\9_ew_1500ms\session-1\9_ew_1500ms_sub-028_sess-1_3event.csv,6,161,30,0.309218604238463,0.158202485861247,0.0381149860075786,0.29401856193598,0.157761933317341,0.0396077603619385,0.782086413133926,0.189355363630782,0.0492409738053527
9_ew_1500ms_sub-029_sess-1_3event.csv,C:\Users\arech\repos\novel_concept_learning_fMRI\experimental_task\task_designs\9_ew_1500ms\session-1\9_ew_1500ms_sub-029_sess-1_3event.csv,1,163,30,0.259386229271375,0.161648638779417,0.037696880681474,0.266843139727042,0.165636286897341,0.0409868753305446,0.796919952181284,0.187308228340442,0.048167109152287
9_ew_1500ms_sub-029_sess-1_3event.csv,C:\Users\arech\repos\novel_concept_learning_fMRI\experimental_task\task_designs\9_ew_1500ms\session-1\9_ew_1500ms_sub-029_sess-1_3event.csv,2,161,30,0.256637187235468,0.157312312645928,0.0381871366275501,0.254401026538573,0.157660866906668,0.0405910296172559,0.795700673623601,0.19042589285031,0.0491150332423513
9_ew_1500ms_sub-029_sess-1_3event.csv,C:\Users\arech\repos\novel_concept_learning_fMRI\experimental_task\task_designs\9_ew_1500ms\session-1\9_ew_1500ms_sub-029_sess-1_3event.csv,3,169,30,0.277899719338747,0.170564475005964,0.0370002004825498,0.278060993308977,0.173827082537363,0.038351554822012,0.792348183508342,0.182695975270641,0.0468497737983673
9_ew_1500ms_sub-029_sess-1_3event.csv,C:\Users\arech\repos\novel_concept_learning_fMRI\experimental_task\task_designs\9_ew_1500ms\session-1\9_ew_1500ms_sub-029_sess-1_3event.csv,4,163,30,0.29184403876285,0.169264871000764,0.0381013612150907,0.286835968621449,0.172204862125258,0.0402729915638038,0.780237424032145,0.18834320600163,0.0482422788567457
9_ew_1500ms_sub-029_sess-1_3event.csv,C:\Users\arech\repos\novel_concept_learning_fMRI\experimental_task\task_designs\9_ew_1500ms\session-1\9_ew_1500ms_sub-029_sess-1_3event.csv,5,161,30,0.244831191029726,0.163830472782024,0.0383725672289547,0.259265294676289,0.167071771618908,0.0410827811492853,0.778518917937235,0.189115610956778,0.0492888302583996
9_ew_1500ms_sub-029_sess-1_3event.csv,C:\Users\arech\repos\novel_concept_learning_fMRI\experimental_task\task_designs\9_ew_1500ms\session-1\9_ew_1500ms_sub-029_sess-1_3event.csv,6,166,30,0.288045208918098,0.165018440623626,0.0380549430821482,0.283048699075154,0.165182602111091,0.0399726388639728,0.79533119503223,0.184737156000405,0.0478828383784164
9_ew_1500ms_sub-030_sess-1_3event.csv,C:\Users\arech\repos\novel_concept_learning_fMRI\experimental_task\task_designs\9_ew_1500ms\session-1\9_ew_1500ms_sub-030_sess-1_3event.csv,1,157,30,0.273733798089768,0.153044483704585,0.0397892070506992,0.264866704520334,0.158903018477884,0.0417852631962974,0.794270178210016,0.193343970360204,0.0515731408390982
9_ew_1500ms_sub-030_sess-1_3event.csv,C:\Users\arech\repos\novel_concept_learning_fMRI\experimental_task\task_designs\9_ew_1500ms\session-1\9_ew_1500ms_sub-030_sess-1_3event.csv,2,159,30,0.309679139369648,0.161153260753879,0.0387792618401737,0.281426842352568,0.161743850572619,0.0411064319520435,0.779505935203528,0.189529377067133,0.0499023131832626
9_ew_1500ms_sub-030_sess-1_3event.csv,C:\Users\arech\repos\novel_concept_learning_fMRI\experimental_task\task_designs\9_ew_1500ms\session-1\9_ew_1500ms_sub-030_sess-1_3event.csv,3,165,30,0.304197047594077,0.163298989848485,0.0372111380024171,0.287739971539799,0.162965066008915,0.0408661643395644,0.79600302002767,0.186341664501367,0.0477383312874365
9_ew_1500ms_sub-030_sess-1_3event.csv,C:\Users\arech\repos\novel_concept_learning_fMRI\experimental_task\task_designs\9_ew_1500ms\session-1\9_ew_1500ms_sub-030_sess-1_3event.csv,4,165,30,0.30200365494569,0.172068913346347,0.0381615876649803,0.280166876008148,0.170224212127272,0.0401304284638449,0.789681744710291,0.184282915349814,0.0483097448868786
9_ew_1500ms_sub-030_sess-1_3event.csv,C:\Users\arech\repos\novel_concept_learning_fMRI\experimental_task\task_designs\9_ew_1500ms\session-1\9_ew_1500ms_sub-030_sess-1_3event.csv,5,158,30,0.26069743507509,0.157385342593575,0.0391273557686644,0.252921486844898,0.153632729114623,0.0414113630158979,0.792600755035787,0.194921450339544,0.0512111267680811
9_ew_1500ms_sub-030_sess-1_3event.csv,C:\Users\arech\repos\novel_concept_learning_fMRI\experimental_task\task_designs\9_ew_1500ms\session-1\9_ew_1500ms_sub-030_sess-1_3event.csv,6,166,30,0.238373036218171,0.168014488056558,0.0376923152690335,0.22976186805963,0.166873665194957,0.0405790044505833,0.793515844275588,0.187088432816348,0.047697486986389
9_ew_1500ms_sub-031_sess-1_3event.csv,C:\Users\arech\repos\novel_concept_learning_fMRI\experimental_task\task_designs\9_ew_1500ms\session-1\9_ew_1500ms_sub-031_sess-1_3event.csv,1,160,30,0.295767572318289,0.157837686188947,0.0384815006924239,0.30167976366577,0.159897152577201,0.0407353544254681,0.787473231725412,0.188775847012128,0.0496905756880926
9_ew_1500ms_sub-031_sess-1_3event.csv,C:\Users\arech\repos\novel_concept_learning_fMRI\experimental_task\task_designs\9_ew_1500ms\session-1\9_ew_1500ms_sub-031_sess-1_3event.csv,2,165,30,0.303210627465594,0.164273268220152,0.0375468065685017,0.291292949857123,0.1602218455158,0.0394918444484803,0.795647740081718,0.187237662916836,0.0481667429625846
9_ew_1500ms_sub-031_sess-1_3event.csv,C:\Users\arech\repos\novel_concept_learning_fMRI\experimental_task\task_designs\9_ew_1500ms\session-1\9_ew_1500ms_sub-031_sess-1_3event.csv,3,164,30,0.295894708429662,0.169497463461073,0.0377760875611312,0.283698008364803,0.171545350972391,0.0392467437450064,0.797570428453464,0.18500671302526,0.0480818274041826
9_ew_1500ms_sub-031_sess-1_3event.csv,C:\Users\arech\repos\novel_concept_learning_fMRI\experimental_task\task_designs\9_ew_1500ms\session-1\9_ew_1500ms_sub-031_sess-1_3event.csv,4,159,30,0.311807378185833,0.165141636826141,0.0384758860989833,0.312949900243589,0.169451500536398,0.0413611705787176,0.795196403008007,0.191401270473988,0.0499947242678561
9_ew_1500ms_sub-031_sess-1_3event.csv,C:\Users\arech\repos\novel_concept_learning_fMRI\experimental_task\task_designs\9_ew_1500ms\session-1\9_ew_1500ms_sub-031_sess-1_3event.csv,5,163,30,0.261836157240304,0.164635945296778,0.0380163608471718,0.274218411656869,0.158435225307313,0.0403242243351039,0.78088456913888,0.187187081896978,0.0485753040617841
9_ew_1500ms_sub-031_sess-1_3event.csv,C:\Users\arech\repos\novel_concept_learning_fMRI\experimental_task\task_designs\9_ew_1500ms\session-1\9_ew_1500ms_sub-031_sess-1_3event.csv,6,160,30,0.303307212477076,0.159380308578851,0.0379479502484549,0.292797890298295,0.160950492925294,0.0401944319205729,0.789018760283976,0.192956084423311,0.0495675557683165
9_ew_1500ms_sub-032_sess-1_3event.csv,C:\Users\arech\repos\novel_concept_learning_fMRI\experimental_task\task_designs\9_ew_1500ms\session-1\9_ew_1500ms_sub-032_sess-1_3event.csv,1,158,30,0.309592208320036,0.155055161414709,0.0388332829209039,0.319951813738788,0.16116875275399,0.0404633216268553,0.793008094334015,0.189108974809867,0.050561403096712
9_ew_1500ms_sub-032_sess-1_3event.csv,C:\Users\arech\repos\novel_concept_learning_fMRI\experimental_task\task_designs\9_ew_1500ms\session-1\9_ew_1500ms_sub-032_sess-1_3event.csv,2,159,30,0.270813469142782,0.149019030075565,0.038316381799879,0.255659995806561,0.158376647111292,0.0411534292000658,0.794560319852677,0.190667239031777,0.0500067461686878
9_ew_1500ms_sub-032_sess-1_3event.csv,C:\Users\arech\repos\novel_concept_learning_fMRI\experimental_task\task_designs\9_ew_1500ms\session-1\9_ew_1500ms_sub-032_sess-1_3event.csv,3,158,30,0.271128804096159,0.167527437906018,0.0389824580267102,0.266051005609182,0.165185838165691,0.0410328634646445,0.776753804122515,0.191348895184116,0.0503030042872112
9_ew_1500ms_sub-032_sess-1_3event.csv,C:\Users\arech\repos\novel_concept_learning_fMRI\experimental_task\task_designs\9_ew_1500ms\session-1\9_ew_1500ms_sub-032_sess-1_3event.csv,4,160,30,0.269228279799397,0.156931690582333,0.0382226247067616,0.268780717662727,0.155290668625011,0.0400448836255029,0.775738376266176,0.190856516045229,0.0498224007951358
9_ew_1500ms_sub-032_sess-1_3event.csv,C:\Users\arech\repos\novel_concept_learning_fMRI\experimental_task\task_designs\9_ew_1500ms\session-1\9_ew_1500ms_sub-032_sess-1_3event.csv,5,162,30,0.310226224104841,0.153471534874104,0.0378512398078022,0.299585560230483,0.152508800817221,0.0403002219397651,0.775694119805974,0.190070252732529,0.0488009516367685
9_ew_1500ms_sub-032_sess-1_3event.csv,C:\Users\arech\repos\novel_concept_learning_fMRI\experimental_task\task_designs\9_ew_1500ms\session-1\9_ew_1500ms_sub-032_sess-1_3event.csv,6,164,30,0.272377587937678,0.164561948825006,0.0378722238096015,0.264465095366759,0.160778530813615,0.0391014702194944,0.795501298301232,0.185969130516991,0.048533177422545
9_ew_1500ms_sub-033_sess-1_3event.csv,C:\Users\arech\repos\novel_concept_learning_fMRI\experimental_task\task_designs\9_ew_1500ms\session-1\9_ew_1500ms_sub-033_sess-1_3event.csv,1,164,30,0.307736448634292,0.168582441854539,0.0378813105890433,0.310077776235235,0.162032855757274,0.0401543325024237,0.776711886638527,0.189953033393316,0.0485568410711126
9_ew_1500ms_sub-033_sess-1_3event.csv,C:\Users\arech\repos\novel_concept_learning_fMRI\experimental_task\task_designs\9_ew_1500ms\session-1\9_ew_1500ms_sub-033_sess-1_3event.csv,2,163,30,0.273667384288314,0.15785896863001,0.0382028663694753,0.268797342335902,0.157478582621843,0.0406845239835771,0.780058748511082,0.186867294822548,0.0490805986259439
9_ew_1500ms_sub-033_sess-1_3event.csv,C:\Users\arech\repos\novel_concept_learning_fMRI\experimental_task\task_designs\9_ew_1500ms\session-1\9_ew_1500ms_sub-033_sess-1_3event.csv,3,162,30,0.305781750642449,0.164382513183372,0.0383495826915773,0.303046911095682,0.162396140282451,0.0401764219160997,0.792838193528905,0.189661962991754,0.0487856348450051
9_ew_1500ms_sub-033_sess-1_3event.csv,C:\Users\arech\repos\novel_concept_learning_fMRI\experimental_task\task_designs\9_ew_1500ms\session-1\9_ew_1500ms_sub-033_sess-1_3event.csv,4,163,30,0.259939792947679,0.166008912592051,0.0379990969754786,0.26162320695818,0.163540628340377,0.0401489665970626,0.776852091692423,0.188036358163561,0.0485792527669185
9_ew_1500ms_sub-033_sess-1_3event.csv,C:\Users\arech\repos\novel_concept_learning_fMRI\experimental_task\task_designs\9_ew_1500ms\session-1\9_ew_1500ms_sub-033_sess-1_3event.csv,5,163,30,0.308490070571134,0.161523025297372,0.0381165460514894,0.271855419312675,0.166812144073231,0.0407483555462741,0.771924639394789,0.189049270277074,0.0487327114241939
9_ew_1500ms_sub-033_sess-1_3event.csv,C:\Users\arech\repos\novel_concept_learning_fMRI\experimental_task\task_designs\9_ew_1500ms\session-1\9_ew_1500ms_sub-033_sess-1_3event.csv,6,159,30,0.265361565612392,0.161119763111964,0.0390330354484613,0.268645685609973,0.15765146793185,0.0422419007848572,0.782204420158093,0.192661114070656,0.0503249479657666
9_ew_1500ms_sub-034_sess-1_3event.csv,C:\Users\arech\repos\novel_concept_learning_fMRI\experimental_task\task_designs\9_ew_1500ms\session-1\9_ew_1500ms_sub-034_sess-1_3event.csv,1,158,30,0.305974292873834,0.162608760400925,0.0389715861037139,0.28838160585885,0.162759829412578,0.0412815686160515,0.795204581822162,0.193480440031968,0.0504658429776839
9_ew_1500ms_sub-034_sess-1_3event.csv,C:\Users\arech\repos\novel_concept_learning_fMRI\experimental_task\task_designs\9_ew_1500ms\session-1\9_ew_1500ms_sub-034_sess-1_3event.csv,2,158,30,0.275877953930577,0.157952734342708,0.039251714492253,0.238603683798265,0.15419861567424,0.0411156389022783,0.770006130927972,0.190396121973923,0.0505071234035694
9_ew_1500ms_sub-034_sess-1_3event.csv,C:\Users\arech\repos\novel_concept_learning_fMRI\experimental_task\task_designs\9_ew_1500ms\session-1\9_ew_1500ms_sub-034_sess-1_3event.csv,3,165,30,0.266632401792283,0.171643683777849,0.0374582556907707,0.26200466335443,0.160650744053282,0.0394566067108555,0.794998882720862,0.187474859753867,0.0479534322213859
9_ew_1500ms_sub-034_sess-1_3event.csv,C:\Users\arech\repos\novel_concept_learning_fMRI\experimental_task\task_designs\9_ew_1500ms\session-1\9_ew_1500ms_sub-034_sess-1_3event.csv,4,159,30,0.312557001736259,0.152225775217959,0.0389743743313605,0.296143503723288,0.156118903274557,0.0412028595413862,0.778994487955921,0.192458167289067,0.0505694578749789
9_ew_1500ms_sub-034_sess-1_3event.csv,C:\Users\arech\repos\novel_concept_learning_fMRI\experimental_task\task_designs\9_ew_1500ms\session-1\9_ew_1500ms_sub-034_sess-1_3event.csv,5,158,30,0.278279875657106,0.169311417648458,0.0384452193803392,0.284157348753231,0.17467658479984,0.0418218345865436,0.795980253177253,0.195521193021939,0.0500730802387399
9_ew_1500ms_sub-034_sess-1_3event.csv,C:\Users\arech\repos\novel_concept_learning_fMRI\experimental_task\task_designs\9_ew_1500ms\session-1\9_ew_1500ms_sub-034_sess-1_3event.csv,6,157,30,0.302605624470812,0.154504295696429,0.0390469412830602,0.286442899690532,0.165942358667236,0.0416429008358401,0.790497127172567,0.19343818446909,0.0507866207196402
9_ew_1500ms_sub-035_sess-1_3event.csv,C:\Users\arech\repos\novel_concept_learning_fMRI\experimental_task\task_designs\9_ew_1500ms\session-1\9_ew_1500ms_sub-035_sess-1_3event.csv,1,164,30,0.293369164044803,0.163785722818318,0.0379659688812961,0.282592211629495,0.162800113012447,0.0400984340774319,0.780868475999301,0.187951811552247,0.0481748708508461
9_ew_1500ms_sub-035_sess-1_3event.csv,C:\Users\arech\repos\novel_concept_learning_fMRI\experimental_task\task_designs\9_ew_1500ms\session-1\9_ew_1500ms_sub-035_sess-1_3event.csv,2,159,30,0.312557001736259,0.159949159610756,0.0390534808831722,0.311552444287769,0.158356806092784,0.0411200463494902,0.796578236491532,0.190557188963618,0.0502449249719169
9_ew_1500ms_sub-035_sess-1_3event.csv,C:\Users\arech\repos\novel_concept_learning_fMRI\experimental_task\task_designs\9_ew_1500ms\session-1\9_ew_1500ms_sub-035_sess-1_3event.csv,3,157,30,0.262759371273557,0.154183777684468,0.0390642212197257,0.267131915733986,0.156825850130176,0.0412530257144386,0.79562423487547,0.19534726308036,0.0506437580111834
9_ew_1500ms_sub-035_sess-1_3event.csv,C:\Users\arech\repos\novel_concept_learning_fMRI\experimental_task\task_designs\9_ew_1500ms\session-1\9_ew_1500ms_sub-035_sess-1_3event.csv,4,161,30,0.262016273458337,0.173368659030991,0.0385758531559559,0.245600103685451,0.160344827119847,0.0412494101737217,0.800973811775405,0.1900017418839,0.0495274230687407
9_ew_1500ms_sub-035_sess-1_3event.csv,C:\Users\arech\repos\novel_concept_learning_fMRI\experimental_task\task_designs\9_ew_1500ms\session-1\9_ew_1500ms_sub-035_sess-1_3event.csv,5,161,30,0.310564256680919,0.146585629575183,0.0385926382023913,0.290662067202147,0.160567449712409,0.0413490540028701,0.797340767148182,0.191087880456738,0.0497251430922298
9_ew_1500ms_sub-035_sess-1_3event.csv,C:\Users\arech\repos\novel_concept_learning_fMRI\experimental_task\task_designs\9_ew_1500ms\session-1\9_ew_1500ms_sub-035_sess-1_3event.csv,6,165,30,0.257950714466093,0.176392134020855,0.0377874850432642,0.271530694525664,0.177026432169625,0.0403840194343951,0.798296188239979,0.186159517450966,0.0478832592655622
